[
    {
        "imdbID": "tt0094625",
        "youtube_trailer": "https://www.youtube.com/watch?v=7G5zQW4TinQ",
        "why": "This is the quintessential anime flick for me."
    },
    {
        "imdbID": "tt0051383",
        "youtube_trailer": "https://www.youtube.com/watch?v=NZXi_vOkMyU",
        "why": "I've always loved this movie, it's the perfect combination of funny and poignant. I still get choked up when young Patrick says 'Lady Iris...'."
    },
    {
        "imdbID": "tt0362270",
        "youtube_trailer": "https://www.youtube.com/watch?v=yh401Rmkq0o",
        "why": "This is my favorite of the bizarre Wes Anderson flicks, complete with David Bowie songs performed in Portugese! The closing credits cast walk-off to 'Queen Bitch' is simply brilliant."
    },
    {
        "imdbID": "tt0133093",
        "youtube_trailer": "https://www.youtube.com/watch?v=vKQi3bBA1y8",
        "why": "I'm not as philosophical as some people about this movie. I just like quotes such as 'We need guns. Lots of guns.'"
    },
    {
        "imdbID": "tt0028950",
        "youtube_trailer": "https://www.youtube.com/watch?v=hctrYzVYmfM",
        "why": "The interplay between the French Officer (Jean Gabin) and German Prison Commander (Eric von Stroheim) is amazing. The perfect depiction of 'the end of an era', from chivalry to modern war."
    },
    {
        "imdbID": "tt0047478",
        "youtube_trailer": "https://www.youtube.com/watch?v=7mw6LyyoeGE",
        "why": "Kurosawa is one of my favorite directors, and this is probably his masterpiece. Inspiration for many films that came after it."
    },
    {
        "imdbID": "tt0066206",
        "youtube_trailer": "https://www.youtube.com/watch?v=g-0dTpzNzwo",
        "why": "The role George C. Scott was born to play. The scene where he recalls an ancient battle (the Battle of Zama) as if he was there still gives me goosebumps."
    },
    {
        "imdbID": "tt0091369",
        "youtube_trailer": "https://www.youtube.com/watch?v=XRcOZZDvMv4",
        "why": "David Bowie as Goblin King. Need one say more? Includes memorable lines such as: 'Just let me rule you, and I will be your slave'."
    },
    {
        "imdbID": "tt0034583",
        "youtube_trailer": "https://www.youtube.com/watch?v=a2MnKebNlRo"
    },
    {
        "imdbID": "tt0076759",
        "youtube_trailer": "https://www.youtube.com/watch?v=1g3_CFmnU7k",
        "why": "The one that started it all, and where Lucas is still excited about making movies."
    },
    {
        "imdbID": "tt1049413",
        "youtube_trailer": "https://www.youtube.com/watch?v=qas5lWp7_R0",
        "why": "It's rare for an animated film to catch me by surprise with its poignancy, and this really got to me in the first 10 minutes. After that I was willingly along for the ride."
    },
    {
        "imdbID": "tt0036613",
        "youtube_trailer": "https://www.youtube.com/watch?v=GCWBDwkhGN0"
    }
]